"Player","Pos","PassYds","PassTDs","PassInts","RushYds","RushTDs","Fumbles","Receptions","RecYds","RecTDs","TwoPts","Team"
"Aaron Rodgers","QB",4325.1,32.8,7.1,136.2,1.8,1.6,0,0,0,0,"GB"
"Andy Dalton","QB",409.8,2.9,1.7,13.6,0.1,0.2,0,0,0,0,"NO"
"Armani Rogers","QB",0,0,0,0,0,0,0,0,0,0,"WAS"
"Baker Mayfield","QB",3729.4,21.5,14.5,166.1,1.5,2.5,0,0,0,0,"CAR"
"Blaine Gabbert","QB",160.2,1,0.5,3.1,0.1,0.2,0,0,0,0,"TB"
"Brandon Allen","QB",111.8,0.7,0.2,3.2,0,0.2,0,0,0,0,"CIN"
"Brett Rypien","QB",140,1.2,0.5,4.8,0,0.3,0,0,0,0,"DEN"
"Brian Hoyer","QB",169.5,1,0.8,1.9,0.1,0.1,0,0,0,0,"NE"
"C.J. Beathard","QB",162.6,1.1,0.6,6.2,0,0.7,0,0,0,0,"JAC"
"Carson Wentz","QB",3695.5,22.4,11.6,240.9,1.9,3.9,0,0,0,0,"WAS"
"Case Keenum","QB",136.6,1,0.4,4.6,0,0.1,0,0,0,0,"BUF"
"Chad Henne","QB",112.8,0.9,0.6,4.3,0,0.2,0,0,0,0,"KC"
"Chase Daniel","QB",125.7,0.8,0.4,4.6,0,0.2,0,0,0,0,"LAC"
"Colt McCoy","QB",185.5,1.1,0.6,8.7,0,0.2,0,0,0,0,"ARI"
"Cooper Rush","QB",234,1.5,0.5,4.5,0,0.1,0,0,0,0,"DAL"
"Dak Prescott","QB",4549.8,32.7,11.7,230.7,2.9,4.1,0,0,0,0,"DAL"
"Daniel Jones","QB",3614.9,20.6,12.5,424.3,2.7,4.7,0,0,0,0,"NYG"
"Davis Mills","QB",3774.4,20.6,14.1,110.7,0.8,1.9,0,0,0,0,"HOU"
"Derek Carr","QB",4499.7,29,12.7,130,1.2,3.6,0,0,0,0,"LV"
"Deshaun Watson","QB",1133.1,7.9,3.2,138.1,1.6,1.2,0,0,0,0,"CLE"
"Desmond Ridder","QB",1190.6,6.2,4.9,99.8,0.8,0.8,0,0,0,0,"ATL"
"Drew Lock","QB",1128.9,6.2,4.1,56.5,0.6,0.7,0,0,0,0,"SEA"
"Easton Stick","QB",0,0,0,0,0,0,0,0,0,0,"LAC"
"Feleipe Franks","QB",0,0,0,0,0,0,0,0,0,0,"ATL"
"Gardner Minshew II","QB",206.3,1.4,0.7,16.6,0.1,0.2,0,0,0,0,"PHI"
"Geno Smith","QB",2694.3,15.6,9.8,121.7,1.2,2.5,0,0,0,0,"SEA"
"Ian Book","QB",0,0,0,0,0,0,0,0,0,0,"PHI"
"Jacob Eason","QB",0,0,0,0,0,0,0,0,0,0,"CAR"
"Jacoby Brissett","QB",2744.8,15.5,9.4,136.8,1.5,2.6,0,0,0,0,"CLE"
"Jalen Hurts","QB",3644.9,24.4,12.6,772.9,7.9,2.9,0,0,0,0,"PHI"
"Jameis Winston","QB",3523.5,24.7,12.6,273.7,1.7,2.8,0,0,0,0,"NO"
"Jared Bernhardt","QB",0,0,0,4,0,0,0,0,0,0,"ATL"
"Jared Goff","QB",3923.1,24.9,12.5,80.1,1,3.8,0,0,0,0,"DET"
"Jarrett Stidham","QB",146.9,1,0.8,4,0,0.1,0,0,0,0,"LV"
"Jeff Driskel","QB",0,0,0,0,0,0,0,0,0,0,"HOU"
"Jimmy Garoppolo","QB",267.4,1.6,1.1,1.4,0,0.1,0,0,0,0,"SF"
"Joe Burrow","QB",4576.5,31.3,12.8,187.4,2.2,1.8,0,0,0,0,"CIN"
"Joe Flacco","QB",754.1,4.1,2.5,13.7,0.1,0.6,0,0,0,0,"NYJ"
"John Wolford","QB",135,0.8,0.4,8.4,0,0.1,0,0,0,0,"LAR"
"Jordan Love","QB",172.3,1.1,0.9,8.5,0.1,0.1,0,0,0,0,"GB"
"Josh Allen","QB",4406,34.6,13.9,663.4,6.9,3.8,0,0,0,0,"BUF"
"Josh Johnson","QB",260.7,1.6,2.1,0.3,0.2,0.2,0,0,0,0,"DEN"
"Joshua Dobbs","QB",253.2,1.1,1.2,32.3,0.2,0.1,0,0,0,0,"CLE"
"Justin Fields","QB",3469.7,18.6,14.5,593.4,3.7,5,0,0,0,0,"CHI"
"Justin Herbert","QB",4682.2,34,13.3,294.6,3.2,1.4,0,0,0,0,"LAC"
"Kellen Mond","QB",0,0,0,0,0,0,0,0,0,0,"CLE"
"Kenny Pickett","QB",1385.8,8,5.6,69.4,0.6,1,0,0,0,0,"PIT"
"Kirk Cousins","QB",4347.1,31.2,11.4,107.1,1,2.9,0,0,0,0,"MIN"
"Kyle Allen","QB",187.4,1.1,0.7,6.2,0.1,0.8,0,0,0,0,"HOU"
"Kyle Trask","QB",135,1,0,3,0,0,0,0,0,0,"TB"
"Kyler Murray","QB",4256.9,27.3,12.4,552.1,5.5,2.3,0,0,0,0,"ARI"
"Lamar Jackson","QB",3732.7,24.5,13.2,956.2,4.9,3.5,0,0,0,0,"BAL"
"Mac Jones","QB",3946.3,24.9,13.9,156.3,0.9,2.8,0,0,0,0,"NE"
"Malik Willis","QB",188.6,1,1.2,11.3,0.1,0.1,0,0,0,0,"TEN"
"Marcus Mariota","QB",2898.1,15.8,11.3,328.8,2.4,1.2,0,0,0,0,"ATL"
"Mason Rudolph","QB",77,0.5,0.5,7.5,0,0,0,0,0,0,"PIT"
"Matt Ryan","QB",3938,25.9,11.4,125.5,1.4,3.6,0,0,0,0,"IND"
"Matthew Stafford","QB",4587.9,33.6,13.9,99.2,1.2,2.4,0,0,0,0,"LAR"
"Mike White","QB",72.5,0.5,0.5,1.5,0,0,0,0,0,0,"NYJ"
"Mitchell Trubisky","QB",2668.4,15.9,10.4,213.7,1.8,1.3,0,0,0,0,"PIT"
"Nate Sudfeld","QB",160.1,0.8,0.9,6.7,0.1,0.2,0,0,0,0,"DET"
"Nathan Peterman","QB",0,0,0,0,0,0,0,0,0,0,"CHI"
"Nick Foles","QB",121.7,1,0.6,7,0,0.1,0,0,0,0,"IND"
"Nick Mullens","QB",144.5,1,0.4,2.5,0,0.6,0,0,0,0,"MIN"
"Patrick Mahomes II","QB",4842.2,35.9,11.6,359.6,2.8,2.8,0,0,0,0,"KC"
"PJ Walker","QB",116.3,0.5,0.6,3.2,0,0.4,0,0,0,0,"CAR"
"Russell Wilson","QB",4108.7,29,9.6,278.9,2.1,2.3,0,0,0,0,"DEN"
"Ryan Griffin","QB",0,0,0,0,0,0,0,0,0,0,"TB"
"Ryan Tannehill","QB",3753.7,24.2,13.2,253.7,3.9,2.6,0,0,0,0,"TEN"
"Sam Darnold","QB",301.6,1.6,1.3,16.9,0.2,0.2,0,0,0,0,"CAR"
"Sam Ehlinger","QB",0,0,0,0,0,0,0,0,0,0,"IND"
"Sam Howell","QB",108.9,0.7,0.5,8.8,0.1,0.1,0,0,0,0,"WAS"
"Sean Mannion","QB",40.3,0.3,0,0,0,0,0,0,0,0,"SEA"
"Shane Buechele","QB",287.1,0.9,1.7,8.3,0.4,0.2,0,0,0,0,"KC"
"Stone Smartt","QB",0,0,0,0,0,0,0,0,0,0,"LAC"
"Taylor Heinicke","QB",164.8,1.4,0.7,12.4,0,0.1,0,0,0,0,"WAS"
"Taysom Hill","QB",77.7,0.3,0.3,99.8,0.9,0,0,0,0,0,"NO"
"Teddy Bridgewater","QB",199.1,1.2,0.5,7.3,0,0.1,0,0,0,0,"MIA"
"Tim Boyle","QB",81,1,0,0,0,0,0,0,0,0,"DET"
"Tom Brady","QB",4841.2,36.3,11.9,45.7,1.7,2.4,0,0,0,0,"TB"
"Trevor Lawrence","QB",3943.5,22.5,13.9,328.7,2.4,3,0,0,0,0,"JAC"
"Trevor Siemian","QB",266.1,1.1,1,7.1,0,0.1,0,0,0,0,"CHI"
"Trey Lance","QB",3560.3,23.8,12.7,644.3,5.2,2.6,0,0,0,0,"SF"
"Tua Tagovailoa","QB",4031.4,25.7,13.3,206,3,2.4,0,0,0,0,"MIA"
"Tyler Huntley","QB",238.5,1.6,1.3,34.7,0.2,0.2,0,0,0,0,"BAL"
"Tyrod Taylor","QB",290.2,1.7,1,25.1,0.1,0.3,0,0,0,0,"NYG"
"Zach Wilson","QB",3133.2,19.1,12.4,214.7,2.4,1.7,0,0,0,0,"NYJ"
"Aaron Jones","RB",0,0,0,935.2,6.2,1.5,61.7,505.9,3.9,0,"GB"
"Adam Prentice","RB",0,0,0,18.7,0.1,0,2,14.7,0.1,0,"NO"
"AJ Dillon","RB",0,0,0,801.7,6.4,1.2,33.6,281,1.6,0,"GB"
"Alec Ingold","RB",0,0,0,14.9,0.1,0,6.5,48.1,0.3,0,"MIA"
"Alexander Mattison","RB",0,0,0,460.6,2.8,0.9,25.2,188,0.9,0,"MIN"
"Alvin Kamara","RB",0,0,0,978.6,7.9,1.2,59.8,526.2,4.1,0,"NO"
"Ameer Abdullah","RB",0,0,0,167.3,0.8,0.4,34.4,254.7,1.3,0,"LV"
"Andrew Beck","RB",0,0,0,18.8,0.2,0,4.4,33,0.2,0,"DEN"
"Anthony McFarland Jr.","RB",0,0,0,165.8,1,0.2,7.1,52.7,0.7,0,"PIT"
"Antonio Gibson","RB",0,0,0,884.2,6.8,2,33.1,240.3,1.5,0,"WAS"
"Antonio Williams","RB",0,0,0,95.2,0.7,0.1,3.5,27.6,0.1,0,"NYG"
"Austin Ekeler","RB",0,0,0,959.7,9.3,1.5,73.1,652.1,5.3,0,"LAC"
"Benny Snell Jr.","RB",0,0,0,168.2,1,0.2,5.2,36.4,0.1,0,"PIT"
"Boston Scott","RB",0,0,0,275.2,2.8,0.2,8,58,0.2,0,"PHI"
"Brandon Bolden","RB",0,0,0,95,0.6,0.4,15.4,138.5,0.4,0,"LV"
"Breece Hall","RB",0,0,0,833.4,5.6,1.5,34.9,278,1.4,0,"NYJ"
"Brian Robinson Jr.","RB",0,0,0,574.7,4.3,1.1,16.1,123.1,0.6,0,"WAS"
"Brittain Brown","RB",0,0,0,15.6,0.1,0,2.1,15.4,0.1,0,"LV"
"C.J. Ham","RB",0,0,0,15.3,0.1,0,9.4,68.4,0.3,0,"MIN"
"Cam Akers","RB",0,0,0,995.1,6.9,3.2,34.4,276.1,1.6,0,"LAR"
"Chase Edmonds","RB",0,0,0,723.9,4,0.9,48,343.6,1.7,0,"MIA"
"Chris Evans","RB",0,0,0,100.1,0.6,0.1,15.3,111.3,0.8,0,"CIN"
"Christian McCaffrey","RB",0,0,0,1058.5,7.6,1.4,89,757.4,4.1,0,"CAR"
"Chuba Hubbard","RB",0,0,0,207.9,1.5,0.5,13.7,95.4,0.6,0,"CAR"
"Clyde Edwards-Helaire","RB",0,0,0,797.9,5.6,1.3,36.2,268.9,2.1,0,"KC"
"Cordarrelle Patterson","RB",0,0,0,601.8,4.5,0.9,43.4,397,2.8,0,"ATL"
"Craig Reynolds","RB",0,0,0,210.9,1.1,0.5,10.7,79.8,0.4,0,"DET"
"D'Andre Swift","RB",0,0,0,916.3,6.5,1.9,65.7,487.9,2.6,0,"DET"
"D'Ernest Johnson","RB",0,0,0,193,1.4,0.1,8.8,68.8,0.2,0,"CLE"
"D'Onta Foreman","RB",0,0,0,403.5,2.5,0.9,6.7,61.9,0.2,0,"CAR"
"Dalvin Cook","RB",0,0,0,1242,9.8,2.5,44.9,334.7,1.5,0,"MIN"
"Damarea Crockett","RB",0,0,0,0,0,0,0,0,0,0,"DEN"
"Dameon Pierce","RB",0,0,0,879,6,1.6,31.5,249.3,1.3,0,"HOU"
"Damien Harris","RB",0,0,0,983.4,10.2,1.4,18.5,138.6,0.5,0,"NE"
"Damien Williams","RB",0,0,0,283.3,2.1,0.9,20.5,151.6,0.8,0,"ATL"
"Dare Ogunbowale","RB",0,0,0,91.7,0.6,0.1,10.3,82.3,0.3,0,"HOU"
"Darrel Williams","RB",0,0,0,249.1,2.3,0.7,16.8,138.5,0.6,0,"ARI"
"Darrell Henderson Jr.","RB",0,0,0,531.5,4,0.7,23.2,177.6,1.4,0,"LAR"
"Darrynton Evans","RB",0,0,0,94.8,0.6,0,4.8,35.1,0.1,0,"CHI"
"Darwin Thompson","RB",0,0,0,75.6,0.6,0.1,3.8,28.8,0.2,0,"SEA"
"David Montgomery","RB",0,0,0,948,7.6,1.4,44.4,345,1.8,0,"CHI"
"DeeJay Dallas","RB",0,0,0,82.3,0.6,0.1,9.1,61.6,0.2,0,"SEA"
"Demetric Felton Jr.","RB",0,0,0,21.9,0.1,0.5,10.4,97.5,0.7,0,"CLE"
"Deon Jackson","RB",0,0,0,126.2,1.1,0.2,6.1,44,0.3,0,"IND"
"Derek Watt","RB",0,0,0,8.7,0.1,0,4.4,32.6,0.2,0,"PIT"
"Derrick Henry","RB",0,0,0,1639.5,13,2,27.4,216,0.9,0,"TEN"
"Devin Singletary","RB",0,0,0,842.4,6,1.3,33.5,225.2,1.3,0,"BUF"
"Dontrell Hilliard","RB",0,0,0,237.4,1.5,1,25.7,180.3,0.6,0,"TEN"
"Duke Johnson Jr.","RB",0,0,0,237,2,1,12.5,112,0.5,0,"BUF"
"Dwayne Washington","RB",0,0,0,71.9,0.5,0.1,4.7,35.8,0.2,0,"NO"
"Elijah Mitchell","RB",0,0,0,1021.9,7.3,1.2,26.2,199.6,1.3,0,"SF"
"Eno Benjamin","RB",0,0,0,243.1,1.7,0.3,12.3,98.3,0.3,0,"ARI"
"Ezekiel Elliott","RB",0,0,0,962.3,7.9,2.1,40,273.7,1.8,0,"DAL"
"Gary Brightwell","RB",0,0,0,93.4,0.7,0.1,6,45.1,0.1,0,"NYG"
"Giovani Bernard","RB",0,0,0,100.3,0.6,0.2,11,82.9,0.6,0,"TB"
"Giovanni Ricci","RB",0,0,0,18.2,0.1,0,4,31.2,0.2,0,"CAR"
"Gus Edwards","RB",0,0,0,442.7,3,0.7,7.7,66.5,0.2,0,"BAL"
"Hassan Haskins","RB",0,0,0,270.2,1.8,0.8,8.4,65.6,0.4,0,"TEN"
"Isaiah Spiller","RB",0,0,0,282,2.1,0.8,15.2,122.7,0.7,0,"LAC"
"Isiah Pacheco","RB",0,0,0,266.2,2.3,0.8,13.7,103.7,0.5,0,"KC"
"J.D. McKissic","RB",0,0,0,243.2,1.6,0.5,46.5,365.7,1.9,0,"WAS"
"J.J. Taylor","RB",0,0,0,163.5,2,0.1,4.4,29.6,0.1,0,"NE"
"J.K. Dobbins","RB",0,0,0,956.2,8.4,1,31.3,228.8,1.1,0,"BAL"
"Jake Funk","RB",0,0,0,41.2,0.3,0.1,3,21.7,0.1,0,"LAR"
"Jakob Johnson","RB",0,0,0,16.4,0.2,0.1,4.4,32.6,0.3,0,"LV"
"Jamaal Williams","RB",0,0,0,572.3,3.5,0.8,23.6,153.2,0.8,0,"DET"
"James Conner","RB",0,0,0,919.9,10.2,1.6,43.4,351.9,2.3,0,"ARI"
"James Cook","RB",0,0,0,467.4,3.6,0.9,29.6,238,1.6,0,"BUF"
"James Robinson","RB",0,0,0,599.9,5,1.2,24,178.9,0.7,0,"JAC"
"JaMycal Hasty","RB",0,0,0,48.4,0.5,0,7.1,48.4,0.1,0,"JAC"
"Jaret Patterson","RB",0,0,0,0,0,0,0,0,0,0,"WAS"
"Jason Cabinda","RB",0,0,0,12.5,0.1,0,3.6,26.6,0.2,0,"DET"
"Jason Huntley","RB",0,0,0,0,0,0,0,0,0,0,"PIT"
"Javonte Williams","RB",0,0,0,1025.6,7.8,1.7,45.9,345.6,2.7,0,"DEN"
"Jaylen Warren","RB",0,0,0,134,1,0.2,5.1,32.6,0.1,0,"PIT"
"Jeff Wilson Jr.","RB",0,0,0,184.1,1.6,0.5,11,81,0.6,0,"SF"
"Jerick McKinnon","RB",0,0,0,216.4,1.5,0.5,28.5,233.3,1.4,0,"KC"
"Jermar Jefferson","RB",0,0,0,111.4,1.4,0,4.7,31.3,0.1,0,"DET"
"Jerome Ford","RB",0,0,0,103.3,0.7,0.1,4.7,36.1,0.1,0,"CLE"
"Joe Mixon","RB",0,0,0,1193.4,9.7,1.6,46.7,339.6,2.5,0,"CIN"
"John Lovett","RB",0,0,0,0,0,0,0,0,0,0,"MIA"
"Jonathan Taylor","RB",0,0,0,1631.9,15,2.4,42.8,356.9,2,0,"IND"
"Jonathan Williams","RB",0,0,0,89.7,0.7,0.5,4.9,37.2,0.2,0,"WAS"
"Jordan Mason","RB",0,0,0,81.9,0.6,0.1,4.8,29.3,0.2,0,"SF"
"Josh Jacobs","RB",0,0,0,938.9,8.1,1.9,37,258.7,0.8,0,"LV"
"Joshua Kelley","RB",0,0,0,177.1,1.3,0.6,6.8,46,0.2,0,"LAC"
"Julius Chestnut","RB",0,0,0,18.9,0.1,0,3.8,28,0.2,0,"TEN"
"Justice Hill","RB",0,0,0,44.2,0.4,0,2.6,18.2,0.1,0,"BAL"
"Justin Jackson","RB",0,0,0,152.2,1.2,0.2,8.8,72,0.4,0,"DET"
"Kareem Hunt","RB",0,0,0,574.7,4.8,0.8,41.7,316.3,1.7,0,"CLE"
"Ke'Shawn Vaughn","RB",0,0,0,195.2,1.9,0.6,6.7,45.8,0.1,0,"TB"
"Keaontay Ingram","RB",0,0,0,102.8,0.5,0,3.1,25.6,0,0,"ARI"
"Keith Smith","RB",0,0,0,32.8,0.2,0.1,7.9,53.8,0.3,0,"ATL"
"Ken Walker III","RB",0,0,0,619.7,4.4,1.4,17.9,133,0.5,0,"SEA"
"Kene Nwangwu","RB",0,0,0,82.9,0.6,0.1,3.9,23.8,0.1,0,"MIN"
"Kenneth Gainwell","RB",0,0,0,380.9,4,1.1,31,248,1.3,0,"PHI"
"Kenyan Drake","RB",0,0,0,204.4,1.4,0.4,16.5,122.1,0.6,0,"BAL"
"Khalil Herbert","RB",0,0,0,428.5,2.7,0.9,17.7,130.9,0.5,0,"CHI"
"Khari Blasingame","RB",0,0,0,9.8,0.1,0,3.8,29.2,0.2,0,"CHI"
"Kyle Juszczyk","RB",0,0,0,36.7,0.6,0.1,24.1,198.6,1.2,0,"SF"
"Kylin Hill","RB",0,0,0,50,0,0,9,67,0,0,"GB"
"Kyren Williams","RB",0,0,0,119.2,1.3,0.2,5.5,43.7,0.1,0,"LAR"
"Larry Rountree III","RB",0,0,0,0,0,0,0,0,0,0,"LAC"
"Leonard Fournette","RB",0,0,0,956.1,9,1.3,60.4,411.6,2.1,0,"TB"
"Malik Davis","RB",0,0,0,0,0,0,0,0,0,0,"DAL"
"Mark Ingram II","RB",0,0,0,476.3,3.4,1,19.5,147.2,0.7,0,"NO"
"Matt Breida","RB",0,0,0,296.3,1.4,1.4,12.9,99.3,0.7,0,"NYG"
"Mekhi Sargent","RB",0,0,0,8.9,0.1,0,2.1,15.9,0.1,0,"JAC"
"Melvin Gordon III","RB",0,0,0,697.1,6.2,1.9,24,181.6,1.3,0,"DEN"
"Michael Burton","RB",0,0,0,23.7,0.3,0,3.5,25.2,0.2,0,"KC"
"Michael Carter","RB",0,0,0,667.2,3.9,0.9,35.3,287.5,1.2,0,"NYJ"
"Mike Boone","RB",0,0,0,75,0.7,0,3.5,25.3,0.1,0,"DEN"
"Mike Davis","RB",0,0,0,223.5,1.7,0.7,10.4,71.5,0.2,0,"BAL"
"Miles Sanders","RB",0,0,0,1032.6,5.7,1.6,30.3,214.6,1.1,0,"PHI"
"Myles Gaskin","RB",0,0,0,168.8,1,0.5,10.9,68.6,0.2,0,"MIA"
"Najee Harris","RB",0,0,0,1185.1,7.7,1.6,60.7,397.3,2.1,0,"PIT"
"Nick Chubb","RB",0,0,0,1229.3,8.6,1.6,24.8,200,1,0,"CLE"
"Nyheim Hines","RB",0,0,0,302.3,2,1.6,45.6,361.5,1.9,0,"IND"
"Patrick Ricard","RB",0,0,0,8.2,0.1,0,10.8,75.5,0.9,0,"BAL"
"Patrick Taylor Jr.","RB",0,0,0,112.8,1,0.3,3,20.4,0.1,0,"GB"
"Pierre Strong Jr.","RB",0,0,0,126.7,1.1,0.1,5.4,41.3,0.1,0,"NE"
"Qadree Ollison","RB",0,0,0,119.4,1,0.6,5.9,37.8,0.2,0,"DAL"
"Rachaad White","RB",0,0,0,367.7,3.4,0.9,20.9,166.5,1.1,0,"TB"
"Raheem Mostert","RB",0,0,0,641.9,4.3,1.4,16.9,133.8,0.9,0,"MIA"
"Rashaad Penny","RB",0,0,0,958.9,6.7,1.2,19.2,144,0.5,0,"SEA"
"Reggie Gilliam","RB",0,0,0,0,0,0,4.4,32.6,0.2,0,"BUF"
"Rex Burkhead","RB",0,0,0,327.6,2.4,0.5,29.2,235.3,1.1,0,"HOU"
"Rhamondre Stevenson","RB",0,0,0,740.4,6.5,1,32.1,248.5,1.1,0,"NE"
"Rico Dowdle","RB",0,0,0,64.9,0.4,0.1,4.4,34.7,0.2,0,"DAL"
"Ronald Jones II","RB",0,0,0,266,2.6,0.6,8.6,58.3,0.2,0,"KC"
"Royce Freeman","RB",0,0,0,123.4,0.7,0.1,6.4,43.8,0.2,0,"HOU"
"Salvon Ahmed","RB",0,0,0,31.8,0.2,0,1,7.7,0,0,"MIA"
"Samaje Perine","RB",0,0,0,251,1.3,0.5,18.7,132.1,0.7,0,"CIN"
"Saquon Barkley","RB",0,0,0,1018.4,6.6,1.5,57.2,422.4,2.2,0,"NYG"
"Snoop Conner","RB",0,0,0,127.6,0.9,0.2,6.1,41.7,0.1,0,"JAC"
"Sony Michel","RB",0,0,0,326.7,2.3,0.5,9.6,67.8,0.2,0,"LAC"
"Spencer Brown","RB",0,0,0,0,0,0,0,0,0,0,"BUF"
"Taiwan Jones","RB",0,0,0,0,0,0,0,0,0,0,"BUF"
"Tony Jones Jr.","RB",0,0,0,106.5,0.5,0.1,4.4,31.2,0.1,0,"NO"
"Tony Pollard","RB",0,0,0,752.5,3.8,1.3,47.3,386.1,2,0,"DAL"
"Tory Carter","RB",0,0,0,44.5,0.5,0,6.9,49.7,0.6,0,"TEN"
"Travis Etienne Jr.","RB",0,0,0,823.2,5.7,1.7,49.2,401.2,2,0,"JAC"
"Travis Homer","RB",0,0,0,94.7,0.6,0.1,11.5,92.2,0.5,0,"SEA"
"Trayveon Williams","RB",0,0,0,81,0.5,0.5,3.9,22.5,0.1,0,"CIN"
"Trenton Cannon","RB",0,0,0,41.2,0.2,0,7.7,57.4,0.3,0,"TEN"
"Trestan Ebner","RB",0,0,0,75,0.6,0.1,6,46.2,0.2,0,"CHI"
"Trevon Wesco","RB",0,0,0,0,0,0,3.5,36.6,0.3,0,"CHI"
"Trey Sermon","RB",0,0,0,129.9,1.1,0.1,6.5,42.7,0.2,0,"PHI"
"Ty Chandler","RB",0,0,0,76.4,0.3,0.1,6.6,43.5,0.1,0,"MIN"
"Ty Johnson","RB",0,0,0,82.6,0.6,0.2,8.8,77.6,0.3,0,"NYJ"
"Ty Montgomery","RB",0,0,0,70.9,0.3,0.2,15.3,119,0.3,0,"NE"
"Tyler Allgeier","RB",0,0,0,514.6,2.9,1.3,17.4,134.7,0.6,0,"ATL"
"Tyler Badie","RB",0,0,0,196,1,0,2,18,0,0,"BAL"
"Tyler Goodson","RB",0,0,0,170.3,1.6,0.2,7.8,63.8,0.4,0,"GB"
"Tyrion Davis-Price","RB",0,0,0,198.3,1.7,0.8,10.6,92.1,0.4,0,"SF"
"Zack Moss","RB",0,0,0,159.6,1.3,0.1,6.4,47.8,0.3,0,"BUF"
"Zamir White","RB",0,0,0,367.8,3.3,0.9,12,94.4,0.4,0,"LV"
"Zander Horvath","RB",0,0,0,18.4,0.2,0,0,0,0,0,"LAC"
"Zonovan Knight","RB",0,0,0,31.3,0.2,0,2.1,14.3,0.1,0,"NYJ"
"A.J. Brown","WR",0,0,0,7.6,0,0.5,78.4,1144.1,8.1,0,"PHI"
"A.J. Green","WR",0,0,0,0,0,0.1,36.4,524.4,2.6,0,"ARI"
"Adam Thielen","WR",0,0,0,1.2,0,0.5,73.6,831.4,7.8,0,"MIN"
"Alec Pierce","WR",0,0,0,0,0,0.2,41.2,559.7,3.7,0,"IND"
"Alex Erickson","WR",0,0,0,0,0,0,0,0,0,0,"WAS"
"Allen Lazard","WR",0,0,0,12.3,0,0.4,57.6,777.7,6.7,0,"GB"
"Allen Robinson II","WR",0,0,0,0,0,0.5,75.7,918.2,6,0,"LAR"
"Amari Cooper","WR",0,0,0,0.6,0,0.5,75.3,943.5,5.7,0,"CLE"
"Amari Rodgers","WR",0,0,0,9.4,0,0.4,21.7,283.4,1.6,0,"GB"
"Amon-Ra St. Brown","WR",0,0,0,46.6,0.4,0.5,87.6,955.9,6,0,"DET"
"Andre Roberts","WR",0,0,0,0,0,0,3.9,65.4,0.3,0,"CAR"
"Andy Isabella","WR",0,0,0,0,0,0,3,36.8,0.2,0,"ARI"
"Anthony Schwartz","WR",0,0,0,6.8,0,0.1,12.6,166.5,1,0,"CLE"
"Antoine Wesley","WR",0,0,0,0,0,0,11.7,145.3,0.9,0,"ARI"
"Ashton Dulin","WR",0,0,0,7.2,0,0.1,8.2,109,0.7,0,"IND"
"Ben Skowronek","WR",0,0,0,0,0,0,15.2,187,1.4,0,"LAR"
"Bo Melton","WR",0,0,0,0,0,0,8.1,100.8,0.5,0,"SEA"
"Brandin Cooks","WR",0,0,0,18.5,0.1,0.5,92.4,1106.6,6.1,0,"HOU"
"Brandon Aiyuk","WR",0,0,0,17.5,0,0.5,62,841.6,5.5,0,"SF"
"Brandon Powell","WR",0,0,0,0,0,0,1.8,20.4,0.2,0,"LAR"
"Braxton Berrios","WR",0,0,0,31.6,0.9,0.5,34.1,343.6,1.8,0,"NYJ"
"Breshad Perriman","WR",0,0,0,0,0,0,8,115.9,0.8,0,"TB"
"Bryan Edwards","WR",0,0,0,1.4,0,0.1,36.1,527,2.6,0,"ATL"
"Byron Pringle","WR",0,0,0,0,0,0.2,34.8,447.3,2.5,0,"CHI"
"C.J. Board","WR",0,0,0,0,0,0,3.5,54.2,0.3,0,"NYG"
"Calvin Austin III","WR",0,0,0,0,0,0.1,13.9,162.6,0.7,0,"PIT"
"Cam Sims","WR",0,0,0,0,0,0,9.9,136.9,0.8,0,"WAS"
"Cameron Batson","WR",0,0,0,0,0,0,3.2,35.2,0.2,0,"ATL"
"Cedrick Wilson Jr.","WR",0,0,0,1.6,0,0.5,40.8,492.3,3.3,0,"MIA"
"CeeDee Lamb","WR",0,0,0,44.9,0.1,0.5,91.2,1236.5,7.6,0,"DAL"
"Chase Claypool","WR",0,0,0,52.3,0.2,0.5,64.2,858.8,4.6,0,"PIT"
"Chris Conley","WR",0,0,0,0,0,0,24.1,300.1,1.8,0,"HOU"
"Chris Godwin","WR",0,0,0,12.1,0.3,0.9,80.2,931,6.3,0,"TB"
"Chris Moore","WR",0,0,0,0,0,0.1,19.8,216.4,1.1,0,"HOU"
"Chris Olave","WR",0,0,0,2.2,0,0.5,50.3,718.1,4.6,0,"NO"
"Christian Kirk","WR",0,0,0,5.8,0,0.5,72.5,886.7,4.6,0,"JAC"
"Christian Watson","WR",0,0,0,9.1,0,0.4,32.3,434.1,3.3,0,"GB"
"Cody Hollister","WR",0,0,0,0,0,0,11.3,133.2,0.9,0,"TEN"
"Cody Thompson","WR",0,0,0,0,0,0,3.2,34.9,0.2,0,"SEA"
"Cooper Kupp","WR",0,0,0,23.9,0.1,0.6,123.1,1601.3,12.4,0,"LAR"
"Corey Davis","WR",0,0,0,0,0,0.5,48.3,680.4,4.2,0,"NYJ"
"Courtland Sutton","WR",0,0,0,0.6,0,0.5,70.8,1003.9,6.8,0,"DEN"
"Curtis Samuel","WR",0,0,0,91.8,0.8,0.5,44,498.4,3.4,0,"WAS"
"Damiere Byrd","WR",0,0,0,0,0,0,13.2,158,0.8,0,"ATL"
"Dan Chisena","WR",0,0,0,0,0,0,0,0,0,0,"MIN"
"Danny Gray","WR",0,0,0,0,0,0,8.7,107.3,0.6,0,"SF"
"Dante Pettis","WR",0,0,0,0,0,0,2.9,38.9,0.2,0,"CHI"
"Dareke Young","WR",0,0,0,0,0,0,11.1,132.6,0.7,0,"SEA"
"Darius Slayton","WR",0,0,0,-2.5,0,0.3,17.2,232.2,1.3,0,"NYG"
"Darnell Mooney","WR",0,0,0,26.1,0.2,0.5,78.4,1035.8,4.8,0,"CHI"
"Daurice Fountain","WR",0,0,0,0,0,0,0,0,0,0,"KC"
"Davante Adams","WR",0,0,0,0,0,0.5,107.3,1326.4,9.3,0,"LV"
"David Bell","WR",0,0,0,8.8,0,0.4,33.3,412.6,2.3,0,"CLE"
"David Sills V","WR",0,0,0,0,0,0.1,5.8,67.7,0.3,0,"NYG"
"Dax Milne","WR",0,0,0,0,0,0,3.3,38.6,0.2,0,"WAS"
"DeAndre Carter","WR",0,0,0,0,0,0.1,5.9,69.9,0.4,0,"LAC"
"DeAndre Hopkins","WR",0,0,0,0.4,0,0.7,61.4,767.7,5.6,0,"ARI"
"Dee Eskridge","WR",0,0,0,29.3,0.1,0.3,24.2,311,1.6,0,"SEA"
"Deebo Samuel","WR",0,0,0,376.7,4.5,0.7,70.6,1053.1,6.1,0,"SF"
"Demarcus Robinson","WR",0,0,0,0,0,0,22,259.8,1.7,0,"BAL"
"Demetric Felton Jr.","WR",0,0,0,24.5,0.1,0.1,10.3,109.1,0.6,0,"CLE"
"Dennis Houston","WR",0,0,0,0,0,0,5,52,0,0,"DAL"
"Denzel Mims","WR",0,0,0,0,0,0,5.3,72.7,0.4,0,"NYJ"
"Deon Cain","WR",0,0,0,0,0,0,0,0,0,0,"PHI"
"Deonte Harty","WR",0,0,0,30,0.1,0.1,8.1,112.5,0.8,0,"NO"
"DeVante Parker","WR",0,0,0,0,0,0.4,57.1,763,4.8,0,"NE"
"Devin Duvernay","WR",0,0,0,33.8,0.1,0.2,39.8,450,2.4,0,"BAL"
"DeVonta Smith","WR",0,0,0,0,0,0.5,63.5,872,5.7,0,"PHI"
"Dez Fitzpatrick","WR",0,0,0,0,0,0,15.2,209.2,1.1,0,"TEN"
"Dezmon Patmon","WR",0,0,0,0,0,0,5.4,67.5,0.5,0,"IND"
"Diontae Johnson","WR",0,0,0,31.6,0.1,1,95.3,1051.7,6.1,0,"PIT"
"DJ Chark Jr.","WR",0,0,0,1.6,0,0.1,47.3,673.8,4.7,0,"DET"
"DJ Moore","WR",0,0,0,37.9,0.1,0.6,86.5,1137.6,5.6,0,"CAR"
"DJ Turner","WR",0,0,0,0,0,0,12.1,145,1,0,"LV"
"DK Metcalf","WR",0,0,0,2.2,0,0.6,78.3,1047.9,6.8,0,"SEA"
"Donovan Peoples-Jones","WR",0,0,0,0,0,0.5,44.5,664.5,3.5,0,"CLE"
"Drake London","WR",0,0,0,4.2,0,0.8,66,870.4,4.8,0,"ATL"
"Dyami Brown","WR",0,0,0,0,0,0,11.6,179.7,0.8,0,"WAS"
"Elijah Moore","WR",0,0,0,50.9,0.5,0.5,70.1,905.8,6,0,"NYJ"
"Equanimeous St. Brown","WR",0,0,0,0,0,0.1,13,191.3,0.9,0,"CHI"
"Erik Ezukanma","WR",0,0,0,0,0,0,9.7,132.6,0.8,0,"MIA"
"Frank Darby","WR",0,0,0,0,0,0,1.6,18,0.1,0,"ATL"
"Freddie Swain","WR",0,0,0,0,0,0,30.4,370.7,2.3,0,"MIA"
"Gabriel Davis","WR",0,0,0,0,0,0.1,61.5,960.5,8.8,0,"BUF"
"Garrett Wilson","WR",0,0,0,13.2,0,0.8,52.1,710.3,3.9,0,"NYJ"
"George Pickens","WR",0,0,0,1.8,0,0.8,54.6,682.2,3.7,0,"PIT"
"Greg Dortch","WR",0,0,0,0,0,0,3.7,43.9,0.3,0,"ARI"
"Greg Ward","WR",0,0,0,0,0,0,7.6,87.9,0.6,0,"PHI"
"Gunner Olszewski","WR",0,0,0,0,0,0,2.9,36.3,0.2,0,"PIT"
"Hunter Renfrow","WR",0,0,0,5,0,0.7,83.6,888.7,6.3,0,"LV"
"Ihmir Smith-Marsette","WR",0,0,0,0,0,0,7.9,106.5,0.4,0,"CHI"
"Isaiah Coulter","WR",0,0,0,0,0,0,3,38.9,0.2,0,"CHI"
"Isaiah McKenzie","WR",0,0,0,40.3,0.3,0.3,38.4,385.8,2.7,0,"BUF"
"Isaiah Zuber","WR",0,0,0,0,0,0,0,0,0,0,"LV"
"J.J. Arcega-Whiteside","WR",0,0,0,0,0,0,1.5,17,0.1,0,"SEA"
"Ja'Marr Chase","WR",0,0,0,50,0.2,0.6,91.4,1409.7,10.4,0,"CIN"
"Jaelon Darden","WR",0,0,0,0,0,0,2.9,32.7,0.3,0,"TB"
"Jahan Dotson","WR",0,0,0,2.2,0,0.8,51.4,679.7,3.7,0,"WAS"
"Jake Kumerow","WR",0,0,0,0,0,0,2.6,32.4,0.3,0,"BUF"
"Jakobi Meyers","WR",0,0,0,2.8,0,0.5,73.4,827.6,3.8,0,"NE"
"Jalen Guyton","WR",0,0,0,25.9,0.1,0.1,21.5,312.3,2,0,"LAC"
"Jalen Nailor","WR",0,0,0,0,0,0,9.7,114.4,0.8,0,"MIN"
"Jalen Reagor","WR",0,0,0,5.7,0,0.1,9.9,107.9,0.7,0,"MIN"
"Jalen Tolbert","WR",0,0,0,2.4,0,0.8,47.5,626,4.3,0,"DAL"
"Jalen Virgil","WR",0,0,0,0,0,0,5.3,60.8,0.5,0,"DEN"
"Jamal Agnew","WR",0,0,0,71.4,0.5,0.1,16.9,195.1,1,0,"JAC"
"James Proche II","WR",0,0,0,0,0,0.1,24,293,1.7,0,"BAL"
"James Washington","WR",0,0,0,2.4,0,0,24.4,358.7,2.9,0,"DAL"
"Jameson Williams","WR",0,0,0,2.2,0,0.6,34,470.5,2.7,0,"DET"
"Jamison Crowder","WR",0,0,0,14,0.2,0.4,39.8,414.1,2.8,0,"BUF"
"Jared Bernhardt","WR",0,0,0,0,0,0,3.2,35.5,0.2,0,"ATL"
"Jarvis Landry","WR",0,0,0,16.5,0.3,0.6,57.9,695.5,4.2,0,"NO"
"Jason Moore Jr.","WR",0,0,0,0,0,0,3.9,47.6,0.3,0,"LAC"
"Jauan Jennings","WR",0,0,0,0,0,0.1,28.5,323.9,2.6,0,"SF"
"Jaylen Waddle","WR",0,0,0,19.2,0.3,0.6,89.5,1000.3,6.2,0,"MIA"
"Jaylon Moore","WR",0,0,0,0,0,0,16.8,202.8,1.3,0,"JAC"
"Jeff Smith","WR",0,0,0,0,0,0,6.1,84,0.4,0,"NYJ"
"Jerry Jeudy","WR",0,0,0,5.5,0,0.6,75.3,1024.3,5.8,0,"DEN"
"Joe Reed","WR",0,0,0,0,0,0,0,0,0,0,"LAC"
"Josh Gordon","WR",0,0,0,0,0,0,1.7,26,0.2,0,"TEN"
"Josh Reynolds","WR",0,0,0,0,0,0.1,22.2,300.8,1.9,0,"DET"
"Joshua Palmer","WR",0,0,0,0,0,0.2,46.9,550.8,4.3,0,"LAC"
"JuJu Smith-Schuster","WR",0,0,0,11.5,0.5,0.5,78.2,848.8,6.5,0,"KC"
"Julio Jones","WR",0,0,0,0,0,0.4,47.1,632.4,3.7,0,"TB"
"Justin Jefferson","WR",0,0,0,16,0,0.6,102.5,1492.8,9.5,0,"MIN"
"Justin Watson","WR",0,0,0,0,0,0.1,6.1,68.1,0.6,0,"KC"
"Juwan Johnson","WR",0,0,0,0,0,0,9.7,95.6,0.7,0,"NO"
"Juwann Winfree","WR",0,0,0,0,0,0,7.2,83.8,0.6,0,"GB"
"K.J. Osborn","WR",0,0,0,2,0,0.4,45.5,577.7,4.5,0,"MIN"
"Kadarius Toney","WR",0,0,0,59.6,0.1,0.5,67,778.4,4.2,0,"NYG"
"Kalif Raymond","WR",0,0,0,5.2,0,0.1,12.9,156.3,1,0,"DET"
"KaVontae Turpin","WR",0,0,0,26.6,0.2,0,4.6,59.2,0.4,0,"DAL"
"Keenan Allen","WR",0,0,0,1.8,0,0.5,99.8,1089.5,6.9,0,"LAC"
"Keke Coutee","WR",0,0,0,0,0,0,15.1,194.3,1.2,0,"IND"
"Kendall Hinton","WR",0,0,0,0,0,0,5.4,77.3,0.5,0,"DEN"
"Kendrick Bourne","WR",0,0,0,48,0.1,0.5,40.2,507.8,3.6,0,"NE"
"Kenny Golladay","WR",0,0,0,0,0,0.4,55.6,785.4,4.3,0,"NYG"
"KhaDarel Hodge","WR",0,0,0,0,0,0,7.6,106.9,0.6,0,"ATL"
"Khalil Shakir","WR",0,0,0,4,0,0,9.4,114,0.8,0,"BUF"
"KJ Hamler","WR",0,0,0,20.6,0,0.1,42.7,556.7,3.3,0,"DEN"
"Kristian Wilkerson","WR",0,0,0,0,0,0,10.1,117.7,0.8,0,"NE"
"Kyle Philips","WR",0,0,0,0,0,0.1,15.3,188.3,1,0,"TEN"
"Lance McCutcheon","WR",0,0,0,0,0,0,1.8,20.8,0.2,0,"LAR"
"Laviska Shenault Jr.","WR",0,0,0,43.9,0.1,0.4,44.7,466.9,2.8,0,"CAR"
"Lawrence Cager","WR",0,0,0,0,0,0,0,0,0,0,"NYJ"
"Lil'Jordan Humphrey","WR",0,0,0,0,0,0,3.4,42.6,0.3,0,"NE"
"Lynn Bowden Jr.","WR",0,0,0,14.3,0.1,0,12,124.9,0.7,0,"NE"
"Mack Hollins","WR",0,0,0,0,0,0.1,17,221.7,1.8,0,"LV"
"Malik Turner","WR",0,0,0,0,0,0,3.2,35.3,0.3,0,"SF"
"Marquez Callaway","WR",0,0,0,0,0,0,17.3,255.4,1.7,0,"NO"
"Marquez Stevenson","WR",0,0,0,0,0,0,3.6,40.7,0.3,0,"BUF"
"Marquez Valdes-Scantling","WR",0,0,0,3.2,0,0.1,47.5,774.5,5.1,0,"KC"
"Marquise Brown","WR",0,0,0,12.9,0.1,0.6,79.5,1002.3,6,0,"ARI"
"Marquise Goodwin","WR",0,0,0,3.8,0,0.1,12.7,156.5,0.8,0,"SEA"
"Marvin Jones Jr.","WR",0,0,0,0,0,0.4,56.4,682.8,4.8,0,"JAC"
"Mecole Hardman","WR",0,0,0,59,0.4,1,57.7,725.6,4.6,0,"KC"
"Michael Gallup","WR",0,0,0,14.2,0,0.4,51.1,720.1,4.8,0,"DAL"
"Michael Pittman Jr.","WR",0,0,0,28.9,0,0.6,91.5,1132.5,6.7,0,"IND"
"Michael Thomas","WR",0,0,0,-0.8,0,0.5,85.3,989.8,6.5,0,"NO"
"Mike Evans","WR",0,0,0,1.4,0,0.5,82.1,1131.6,10.1,0,"TB"
"Mike Strachan","WR",0,0,0,0,0,0,5.9,68.9,0.5,0,"IND"
"Mike Thomas","WR",0,0,0,0,0,0,5,54.3,0.3,0,"CIN"
"Mike Williams","WR",0,0,0,0.2,0,0.4,74.6,1098,7.9,0,"LAC"
"Miles Boykin","WR",0,0,0,0,0,0,6.1,76.1,0.4,0,"PIT"
"Montrell Washington","WR",0,0,0,0,0,0,13.5,177.3,1.2,0,"DEN"
"N'Keal Harry","WR",0,0,0,0,0,0,4.6,56.8,0.2,0,"CHI"
"Nelson Agholor","WR",0,0,0,7.5,0,0.1,30.6,420.3,2.5,0,"NE"
"Nick Westbrook-Ikhine","WR",0,0,0,0,0,0.4,38.8,485.7,3.5,0,"TEN"
"Nico Collins","WR",0,0,0,0,0,0.5,53.2,697.1,3.5,0,"HOU"
"Noah Brown","WR",0,0,0,0,0,0.1,15.5,191.5,1.3,0,"DAL"
"Nsimba Webster","WR",0,0,0,0,0,0,6,77.1,0.4,0,"CHI"
"Olamide Zaccheaus","WR",0,0,0,1.8,0,0.1,29.9,384.8,2.2,0,"ATL"
"Parris Campbell","WR",0,0,0,3.3,0,0.1,48.7,594.3,3.7,0,"IND"
"Penny Hart","WR",0,0,0,0,0,0,5.6,61.4,0.3,0,"SEA"
"Phillip Dorsett II","WR",0,0,0,3.3,0,0.1,23,289.7,1.5,0,"HOU"
"Preston Williams","WR",0,0,0,0,0,0,6.7,79.2,0.5,0,"CAR"
"Quez Watkins","WR",0,0,0,0,0,0.1,27.8,383.9,2,0,"PHI"
"Quintez Cephus","WR",0,0,0,0,0,0,14,192.5,1.6,0,"DET"
"Racey McMath","WR",0,0,0,0,0,0.1,4.8,57.5,0.4,0,"TEN"
"Randall Cobb","WR",0,0,0,3.2,0,0.5,41.6,532.5,4.2,0,"GB"
"Rashard Higgins","WR",0,0,0,2.7,0,0.2,18.3,238.3,1.3,0,"CAR"
"Rashod Bateman","WR",0,0,0,2.2,0,0.5,74.3,940.8,5.2,0,"BAL"
"Ray-Ray McCloud","WR",0,0,0,0,0,0,12.3,141.2,0.8,0,"SF"
"Richie James Jr.","WR",0,0,0,0,0,0,2.7,33.9,0.1,0,"NYG"
"River Cracraft","WR",0,0,0,0,0,0,0,0,0,0,"MIA"
"Robbie Anderson","WR",0,0,0,24.6,0.1,0.4,56.9,666.8,4.7,0,"CAR"
"Robert Woods","WR",0,0,0,61.2,0.7,0.5,73.7,874.3,5,0,"TEN"
"Romeo Doubs","WR",0,0,0,2.4,0,0.7,34.5,457.4,3.2,0,"GB"
"Rondale Moore","WR",0,0,0,99.6,0.6,0.6,54.8,531.2,2.8,0,"ARI"
"Russell Gage","WR",0,0,0,0.8,0,0.9,64.8,738.4,5.2,0,"TB"
"Sammy Watkins","WR",0,0,0,3.5,0,0.4,33.6,445.9,2.6,0,"GB"
"Samori Toure","WR",0,0,0,0,0,0,6.8,80.9,0.7,0,"GB"
"Scotty Miller","WR",0,0,0,0,0,0,4.6,58.4,0.4,0,"TB"
"Seth Williams","WR",0,0,0,0,0,0,7.4,87.8,0.6,0,"JAC"
"Shi Smith","WR",0,0,0,0,0,0.1,9.1,113.5,0.6,0,"CAR"
"Simi Fehoko","WR",0,0,0,0,0,0.1,9.7,120.2,0.8,0,"DAL"
"Skyy Moore","WR",0,0,0,7.8,0,0.8,44.4,596.2,4.2,0,"KC"
"Slade Bolden","WR",0,0,0,0,0,0,0,0,0,0,"BAL"
"Stanley Morgan Jr.","WR",0,0,0,0,0,0,5.1,57.1,0.3,0,"CIN"
"Stefon Diggs","WR",0,0,0,2,0,0.5,102,1256.5,8.9,0,"BUF"
"Sterling Shepard","WR",0,0,0,4.2,0,0.5,58.8,606.5,3,0,"NYG"
"Steven Sims Jr.","WR",0,0,0,0,0,0,2.7,27.8,0.2,0,"PIT"
"Tajae Sharpe","WR",0,0,0,0,0,0.1,7.7,91.9,0.5,0,"CHI"
"Tanner Gentry","WR",0,0,0,0,0,0,0,0,0,0,"BUF"
"Tavon Austin","WR",0,0,0,0,0,0,0,0,0,0,"BUF"
"Tee Higgins","WR",0,0,0,0.8,0,0.5,85.1,1188,7.8,0,"CIN"
"Terrace Marshall Jr.","WR",0,0,0,0,0,0.1,21.1,267.2,1.8,0,"CAR"
"Terry McLaurin","WR",0,0,0,4.6,0,0.4,78.5,1069.2,5.8,0,"WAS"
"Tim Jones","WR",0,0,0,0,0,0,7.5,91.6,0.5,0,"JAC"
"Tom Kennedy","WR",0,0,0,0,0,0,0,0,0,0,"DET"
"Travis Fulgham","WR",0,0,0,0,0,0,3.6,44.6,0.3,0,"GB"
"Tre Nixon","WR",0,0,0,0,0,0,6.2,80.1,0.5,0,"NE"
"Tre'Quan Smith","WR",0,0,0,0,0,0,5.9,61,0.5,0,"NO"
"Trent Sherfield","WR",0,0,0,0,0,0.1,13.1,156.8,1,0,"MIA"
"Trent Taylor","WR",0,0,0,0,0,0,6.9,73.3,0.6,0,"CIN"
"Trenton Irwin","WR",0,0,0,0,0,0,3.5,39.8,0.3,0,"CIN"
"Treylon Burks","WR",0,0,0,25.8,0.3,0.8,57.3,813.3,4.9,0,"TEN"
"Tutu Atwell","WR",0,0,0,0,0,0.2,13.4,167.6,1.2,0,"LAR"
"Ty Montgomery","WR",0,0,0,56.9,0.5,0,11,102,0.6,0,"NE"
"Tylan Wallace","WR",0,0,0,0,0,0,10.6,137.4,0.8,0,"BAL"
"Tyler Boyd","WR",0,0,0,19,0,0.5,63.8,736.6,4.2,0,"CIN"
"Tyler Johnson","WR",0,0,0,0,0,0.1,16.5,176.6,1.1,0,"HOU"
"Tyler Lockett","WR",0,0,0,11.9,0.1,0.5,73.3,978.9,5.6,0,"SEA"
"Tyquan Thornton","WR",0,0,0,0,0,0.1,8.8,102.1,0.7,0,"NE"
"Tyreek Hill","WR",0,0,0,62.2,0.3,0.5,92.8,1159.5,8.1,0,"MIA"
"Tyrie Cleveland","WR",0,0,0,0,0,0.1,10.3,125.6,0.9,0,"DEN"
"Tyron Johnson","WR",0,0,0,0,0,0.1,6,76.8,0.5,0,"LV"
"Van Jefferson","WR",0,0,0,15,0,0.1,45.4,624,4,0,"LAR"
"Velus Jones Jr.","WR",0,0,0,6.3,0,0.2,29.3,377.8,2.1,0,"CHI"
"Vyncint Smith","WR",0,0,0,0,0,0,0,0,0,0,"DEN"
"Wan'Dale Robinson","WR",0,0,0,39.3,0.1,0.2,39.5,447.4,2.5,0,"NYG"
"Willie Snead IV","WR",0,0,0,0,0,0,0,0,0,0,"SF"
"Zach Pascal","WR",0,0,0,1.8,0,0,12.2,154.9,1.2,0,"PHI"
"Zay Jones","WR",0,0,0,0.6,0,0.4,43.3,511.2,2.8,0,"JAC"
"Adam Trautman","TE",0,0,0,0,0,0.4,32.2,335.1,2.8,0,"NO"
"Albert Okwuegbunam","TE",0,0,0,0,0,0.8,49.9,514.4,4.7,0,"DEN"
"Andrew Beck","TE",0,0,0,0,0,0,27.9,295.3,2.9,0,"DEN"
"Anthony Firkser","TE",0,0,0,0,0,0.5,24.3,248.6,1.5,0,"ATL"
"Armani Rogers","TE",0,0,0,0,0,0,6.2,65.1,0.5,0,"WAS"
"Austin Hooper","TE",0,0,0,0,0,0.4,50.9,497.7,4.1,0,"TEN"
"Ben Ellefson","TE",0,0,0,0,0,0,5.2,54.8,0.6,0,"MIN"
"Blake Bell","TE",0,0,0,0,0,0,12.2,112.1,0.9,0,"KC"
"Brevin Jordan","TE",0,0,0,0,0,0.1,41.7,423.1,2.9,0,"HOU"
"Brock Wright","TE",0,0,0,0,0,0,11.2,107.8,1.1,0,"DET"
"Brycen Hopkins","TE",0,0,0,0,0,0.1,12,126.3,1.1,0,"LAR"
"C.J. Uzomah","TE",0,0,0,0,0,0,36.1,358.5,2.6,0,"NYJ"
"Cade Otton","TE",0,0,0,0,0,0.5,19.7,206.1,1.7,0,"TB"
"Cameron Brate","TE",0,0,0,0,0,0.1,34.3,317.3,3.1,0,"TB"
"Cethan Carter","TE",0,0,0,0,0,0,0.9,8.9,0.1,0,"MIA"
"Charlie Kolar","TE",0,0,0,0,0,0,2.6,27.5,0.3,0,"BAL"
"Charlie Woerner","TE",0,0,0,0,0,0,2.5,23.2,0.2,0,"SF"
"Chigoziem Okonkwo","TE",0,0,0,0,0,0,7,74,0.6,0,"TEN"
"Chris Manhertz","TE",0,0,0,0,0,0,10.4,111.1,1.2,0,"JAC"
"Chris Myarick","TE",0,0,0,0,0,0.1,15.8,153.3,1.2,0,"NYG"
"Colby Parkinson","TE",0,0,0,0,0,0.1,5.4,52.1,0.4,0,"SEA"
"Cole Kmet","TE",0,0,0,0,0,0.5,61.4,638.5,3.7,0,"CHI"
"Cole Turner","TE",0,0,0,0,0,0,2.1,22.4,0.2,0,"WAS"
"Colin Thompson","TE",0,0,0,0,0,0,3.7,37.2,0.3,0,"CAR"
"Connor Heyward","TE",0,0,0,0,0,0.1,11.6,116.7,0.7,0,"PIT"
"Dallas Goedert","TE",0,0,0,0,0,0.5,63.4,793.8,5,0,"PHI"
"Dalton Schultz","TE",0,0,0,0,0,0.4,77.5,805.7,6.1,0,"DAL"
"Dan Arnold","TE",0,0,0,0,0,0.4,26.2,308.2,1.8,0,"JAC"
"Daniel Bellinger","TE",0,0,0,0,0,0.2,25.6,262.4,1.8,0,"NYG"
"Darren Waller","TE",0,0,0,0,0,0.5,77.4,931.8,5.1,0,"LV"
"David Njoku","TE",0,0,0,0,0,0.4,52.8,591,4.3,0,"CLE"
"Dawson Knox","TE",0,0,0,0,0,0.1,50.2,608.7,6.3,0,"BUF"
"Devin Asiasi","TE",0,0,0,0,0,0,7,87.3,0.7,0,"CIN"
"Donald Parham Jr.","TE",0,0,0,0,0,0.1,21.1,221,2.2,0,"LAC"
"Drew Sample","TE",0,0,0,0,0,0,10.6,104.3,0.8,0,"CIN"
"Durham Smythe","TE",0,0,0,0,0,0,24,238.1,1.3,0,"MIA"
"Eric Saubert","TE",0,0,0,0,0,0,4.9,46.6,0.5,0,"DEN"
"Eric Tomlinson","TE",0,0,0,0,0,0,5.4,57.9,0.5,0,"DEN"
"Evan Engram","TE",0,0,0,0,0,0.4,53.6,550.6,3.6,0,"JAC"
"Foster Moreau","TE",0,0,0,0,0,0,25,281.4,2.4,0,"LV"
"Geoff Swaim","TE",0,0,0,0,0,0,26.6,236.9,2.3,0,"TEN"
"George Kittle","TE",0,0,0,0,0,0.5,71.3,872.8,5.4,0,"SF"
"Gerald Everett","TE",0,0,0,0,0,0.9,54.7,563.5,4.5,0,"LAC"
"Grant Calcaterra","TE",0,0,0,0,0,0,6.9,70.4,0.7,0,"PHI"
"Greg Dulcich","TE",0,0,0,0,0,0.1,17.5,189.9,1.4,0,"DEN"
"Harrison Bryant","TE",0,0,0,0,0,0.4,29,305,2.4,0,"CLE"
"Hayden Hurst","TE",0,0,0,0,0,0.5,42,440.8,4,0,"CIN"
"Hunter Henry","TE",0,0,0,0,0,0.1,53.9,618.6,6,0,"NE"
"Hunter Long","TE",0,0,0,0,0,0,5.3,49.9,0.5,0,"MIA"
"Ian Thomas","TE",0,0,0,0,0,0.1,18.5,182.5,1,0,"CAR"
"Irv Smith Jr.","TE",0,0,0,0,0,0.1,50.4,557.6,4.5,0,"MIN"
"Isaiah Likely","TE",0,0,0,0,0,0.2,31.9,351.9,2.9,0,"BAL"
"J.P. Holtz","TE",0,0,0,0,0,0,0,0,0,0,"NO"
"Jack Stoll","TE",0,0,0,0,0,0,7.1,73.7,0.3,0,"PHI"
"Jacob Harris","TE",0,0,0,0,0,0,12,132,1,0,"LAR"
"Jake Ferguson","TE",0,0,0,0,0,0,14.1,147,1,0,"DAL"
"Jake Tonges","TE",0,0,0,0,0,0,3.6,37.4,0.3,0,"CHI"
"James Mitchell","TE",0,0,0,0,0,0,6.9,62.2,0.6,0,"DET"
"Jared Pinkney","TE",0,0,0,0,0,0,3.8,39,0.3,0,"LAR"
"Jelani Woods","TE",0,0,0,0,0,0.6,22.3,236.4,2.1,0,"IND"
"Jeremy Ruckert","TE",0,0,0,0,0,0,3.9,39.1,0.3,0,"NYJ"
"Jesper Horsted","TE",0,0,0,0,0,0,5.4,57.1,0.5,0,"LV"
"Jesse James","TE",0,0,0,0,0,0,1,9.3,0,0,"CLE"
"Jody Fortson","TE",0,0,0,0,0,0,9.3,99,1.1,0,"KC"
"John Bates","TE",0,0,0,0,0,0,16.8,188.2,1.2,0,"WAS"
"John FitzPatrick","TE",0,0,0,0,0,0,11,101,1,0,"ATL"
"Johnny Mundt","TE",0,0,0,0,0,0,7.6,76.9,0.7,0,"MIN"
"Jonnu Smith","TE",0,0,0,0,0,0.1,31.3,333.2,2.5,0,"NE"
"Jordan Akins","TE",0,0,0,0,0,0.5,28.1,270.7,1.2,0,"HOU"
"Jordan Franks","TE",0,0,0,0,0,0,0,0,0,0,"KC"
"Josh Oliver","TE",0,0,0,0,0,0,2.6,26.1,0.2,0,"BAL"
"Josiah Deguara","TE",0,0,0,0,0,0,18.4,194.7,1.5,0,"GB"
"Juwan Johnson","TE",0,0,0,0,0,0,4.7,52.3,0.8,0,"NO"
"Kendall Blanton","TE",0,0,0,0,0,1,23,253.5,2,0,"KC"
"Kenny Yeboah","TE",0,0,0,0,0,0,10,119,1,0,"NYJ"
"Kevin Rader","TE",0,0,0,0,0,0,8.6,69.2,0.7,0,"TEN"
"Ko Kieft","TE",0,0,0,0,0,0,9.2,91.7,0.7,0,"TB"
"Kyle Pitts","TE",0,0,0,0,0,0.5,73.2,996.7,4.7,0,"ATL"
"Kyle Rudolph","TE",0,0,0,0,0,0.1,33.2,331.4,3.2,0,"TB"
"Kylen Granson","TE",0,0,0,0,0,0.1,18.5,207.4,1.4,0,"IND"
"Logan Thomas","TE",0,0,0,0,0,0.4,49.3,515.9,4.6,0,"WAS"
"Luke Farrell","TE",0,0,0,0,0,0,9.8,90.5,0.8,0,"JAC"
"Marcedes Lewis","TE",0,0,0,0,0,0.4,16.5,169,1.2,0,"GB"
"Mark Andrews","TE",0,0,0,0,0,0.5,96,1195.5,8.9,0,"BAL"
"Matt Bushman","TE",0,0,0,0,0,0,14,136,1,0,"KC"
"Maxx Williams","TE",0,0,0,0,0,0,14.3,153.7,0.7,0,"ARI"
"Mike Gesicki","TE",0,0,0,0,0,0.4,60.2,656.8,4,0,"MIA"
"Miller Forristall","TE",0,0,0,0,0,0,0,0,0,0,"CLE"
"Mitchell Wilcox","TE",0,0,0,0,0,0,1.8,18.4,0.2,0,"CIN"
"Mo Alie-Cox","TE",0,0,0,0,0,0.1,36.4,439.9,3.5,0,"IND"
"MyCole Pruitt","TE",0,0,0,0,0,0,7.2,69.1,0.5,0,"ATL"
"Nick Boyle","TE",0,0,0,0,0,0,11.1,104.1,1.1,0,"BAL"
"Nick Muse","TE",0,0,0,0,0,0,12,122,1,0,"MIN"
"Nick Vannett","TE",0,0,0,0,0,0,6.9,76,0.7,0,"NO"
"Noah Fant","TE",0,0,0,0,0,0.4,59.4,639.4,3.7,0,"SEA"
"Noah Gray","TE",0,0,0,0,0,0,10.6,100,1,0,"KC"
"O.J. Howard","TE",0,0,0,0,0,0.1,19.1,209.4,1.5,0,"HOU"
"Parker Hesse","TE",0,0,0,0,0,0.2,12.7,126.9,0.8,0,"ATL"
"Pat Freiermuth","TE",0,0,0,0,0,0.5,62.7,579.9,4.8,0,"PIT"
"Paul Quessenberry","TE",0,0,0,0,0,1,37,334,2,0,"HOU"
"Peyton Hendershot","TE",0,0,0,0,0,0.1,8.3,86.5,0.8,0,"DAL"
"Pharaoh Brown","TE",0,0,0,0,0,0.4,23.7,224.3,1.2,0,"HOU"
"Quintin Morris","TE",0,0,0,0,0,0,1.9,19.4,0.2,0,"BUF"
"Reggie Gilliam","TE",0,0,0,0,0,0,4.2,39.5,0.4,0,"BUF"
"Robert Tonyan","TE",0,0,0,0,0,0.1,46,523.1,4.6,0,"GB"
"Ross Dwelley","TE",0,0,0,0,0,0,8.7,79.2,0.7,0,"SF"
"Ryan Griffin","TE",0,0,0,0,0,0.1,15.5,157,1.2,0,"CHI"
"Shane Zylstra","TE",0,0,0,0,0,0,1.8,18.1,0.2,0,"DET"
"Shaun Beyer","TE",0,0,0,0,0,0,12,122,1,0,"GB"
"Stephen Anderson","TE",0,0,0,0,0,0,8.1,84.1,0.7,0,"ARI"
"Stephen Sullivan","TE",0,0,0,0,0,0,3.7,37.5,0.3,0,"CAR"
"T.J. Hockenson","TE",0,0,0,0,0,0.4,67.6,692.5,5.3,0,"DET"
"Tanner Conner","TE",0,0,0,0,0,0,1.9,18.8,0.2,0,"MIA"
"Tanner Hudson","TE",0,0,0,0,0,0.1,5.7,62.1,0.4,0,"NYG"
"Taysom Hill","TE",0,0,0,0,0,1,19,202,2,0,"NO"
"Tommy Sweeney","TE",0,0,0,0,0,0,5.9,59.8,0.4,0,"BUF"
"Tommy Tremble","TE",0,0,0,0,0,0.1,27.2,278.5,2.2,0,"CAR"
"Travis Kelce","TE",0,0,0,0,0,0.5,99.7,1184.3,9.3,0,"KC"
"Tre' McKitty","TE",0,0,0,0,0,0,8.4,80.6,0.5,0,"LAC"
"Trey McBride","TE",0,0,0,0,0,0.5,19.3,202.1,1.7,0,"ARI"
"Tyler Conklin","TE",0,0,0,0,0,0.1,34,328.3,2.1,0,"NYJ"
"Tyler Higbee","TE",0,0,0,0,0,0.4,59.2,595.1,4.7,0,"LAR"
"Tyler Kroft","TE",0,0,0,0,0,0,11.2,122.1,0.8,0,"SF"
"Tyree Jackson","TE",0,0,0,0,0,0.1,7.2,69.3,0.7,0,"PHI"
"Will Dissly","TE",0,0,0,0,0,0.1,19.1,199.2,1.2,0,"SEA"
"Zach Davidson","TE",0,0,0,0,0,0,14,148,1,0,"BUF"
"Zach Ertz","TE",0,0,0,0,0,0.4,64.5,661.2,4.8,0,"ARI"
"Zach Gentry","TE",0,0,0,0,0,0,12.1,112.2,0.9,0,"PIT"
